{
  "colsample_bytree": 0.6187962720765257,
  "eta": 0.09373357649895041,
  "max_depth": 3,
  "reg_alpha": 3.2837966414796975,
  "reg_lambda": 0.12420567646854755,
  "subsample": 0.71845607653721
}